Station ID,Station Name,Address,Total Docks,Docks in Service,Status,Latitude,Longitude,"Location,"
246,Ashland Ave & Belle Plaine Ave,Ashland Ave & Belle Plaine Ave,11,11,In Service,41.956057,-87.668835,"(41.956057, -87.668835)"
514,Ridge Blvd & Howard St,Ridge Blvd & Howard St,11,11,In Service,42.019276,-87.68452,"(42.019276, -87.68452)"
11,Jeffery Blvd & 71st St,Jeffery Blvd & 71st St,11,11,In Service,41.76663824,-87.57645011,"(41.76663823695, -87.5764501141)"
193,State St & 29th St,State St & 29th St,15,15,In Service,41.841707,-87.626938,"(41.841707, -87.626938)"
392,Perry Ave & 69th St,Perry Ave & 69th St,11,11,In Service,41.76929309,-87.62819593,"(41.76929308995, -87.6281959291)"
625,Chicago Ave & Dempster St,Chicago Ave & Dempster St,15,15,In Service,42.041691,-87.680687,"(42.041691, -87.680687)"
659,Leavitt St & Chicago Ave,Leavitt St & Chicago Ave,11,10,In Service,41.895501,-87.682017,"(41.895501, -87.682017)"
366,Loomis St & Archer Ave,Loomis St & Archer Ave,11,11,In Service,41.84163254,-87.65743495,"(41.84163253965, -87.6574349533)"
657,Wood St & Augusta Blvd,Wood St & Augusta Blvd,11,10,In Service,41.899181,-87.6722,"(41.899181, -87.6722)"
622,California Ave & Cortez St,California Ave & Cortez St,15,15,In Service,41.900363,-87.696704,"(41.900363, -87.696704)"
626,Delano Ct & Roosevelt Rd,Delano Ct & Roosevelt Rd,19,19,In Service,41.867491,-87.63219,"(41.867491, -87.63219)"
106,State St & Pearson St,State St & Pearson St,27,27,In Service,41.897448,-87.628722,"(41.897448, -87.628722)"
14,Morgan St & 18th St,962 W. 18th St,15,15,In Service,41.858086,-87.651073,"(41.858086, -87.651073)"
532,Austin Blvd & Lake St,Austin Blvd & Lake St,11,11,In Service,41.887919,-87.774446,"(41.887919, -87.774446)"
2,Buckingham Fountain,Buckingham Fountain,39,38,In Service,41.87647,-87.62034,"(41.87647, -87.62034)"
59,Wabash Ave & Roosevelt Rd,1210 S Wabash Ave,23,23,In Service,41.867227,-87.625961,"(41.867227, -87.625961)"
621,Aberdeen St & Randolph St,Aberdeen St & Randolph St,15,15,In Service,41.884114,-87.654264,"(41.884114, -87.654264)"
556,Throop St & 52nd St,Throop St & 52nd St,7,7,In Service,41.799659,-87.657195,"(41.799659, -87.657195)"
398,Rainbow Beach,Rainbow Beach,15,15,In Service,41.75787145,-87.54938625,"(41.75787144829, -87.54938625)"
586,MLK Jr Dr & 83rd St,MLK Jr Dr & 83rd St,11,11,In Service,41.743116,-87.6148,"(41.743116, -87.6148)"
6,Dusable Harbor,Dusable Harbor,39,39,In Service,41.886976,-87.612813,"(41.886976, -87.612813)"
429,Cottage Grove Ave & 67th St,Cottage Grove Ave & 67th St,11,11,In Service,41.77372095,-87.60563486,"(41.77372095205, -87.60563486)"
563,Ashland Ave & 63rd St,Ashland Ave & 63rd St,11,10,In Service,41.779374,-87.664843,"(41.779374, -87.664843)"
97,Field Museum,Off Street,55,55,In Service,41.865312,-87.617867,"(41.865312, -87.617867)"
214,Damen Ave & Grand Ave,Damen Ave & Grand Ave,23,22,In Service,41.89122,-87.67686,"(41.89122, -87.67686)"
624,Dearborn St & Van Buren St (*),417 S Dearborn St,16,16,In Service,41.876268,-87.629155,"(41.876268, -87.629155)"
99,Lake Shore Dr & Ohio St,Lake Shore Dr & Ohio St,19,17,In Service,41.89257,-87.614492,"(41.89257, -87.614492)"
627,LaSalle Dr & Huron St (*),LaSalle Dr & Huron St(*),20,19,In Service,41.894877,-87.632326,"(41.894877, -87.632326)"
308,Seeley Ave & Roscoe St,Seeley Ave & Roscoe St,11,11,In Service,41.943403,-87.679618,"(41.943403, -87.679618)"
319,Greenview Ave & Diversey Pkwy,Greenview Ave & Diversey Pkwy,15,13,In Service,41.932595,-87.665939,"(41.932595, -87.665939)"
435,Kedzie Ave & Roosevelt Rd,Kedzie Ave & Roosevelt Rd,11,11,In Service,41.86649278,-87.70649618,"(41.86649278172, -87.7064961757)"
137,Morgan Ave & 14th Pl,Morgan Ave & 14th Pl,15,15,In Service,41.862378,-87.651062,"(41.862378, -87.651062)"
32,Racine Ave & Congress Pkwy,550 S. Racine,19,15,In Service,41.87464,-87.65703,"(41.87464, -87.65703)"
623,Michigan Ave & 8th St,Michigan Ave & 8th St,42,42,In Service,41.872773,-87.623981,"(41.872773, -87.623981)"
89,Financial Pl & Congress Pkwy (Temp),Financial Pl & Congress Pkwy (Temp),15,14,In Service,41.874618,-87.632882,"(41.874618, -87.632882)"
537,Kenton Ave & Madison St,Kenton Ave & Madison St,11,11,In Service,41.880708,-87.741018,"(41.880708, -87.741018)"
631,Malcolm X College,Malcolm X College,19,18,In Service,41.877618,-87.673895,"(41.877618, -87.673895)"
582,Phillips Ave & 83rd St,On-Street,11,11,In Service,41.744531,-87.56506,"(41.744531, -87.56506)"
529,Cicero Ave & Lake St,Cicero Ave & Lake St,11,10,In Service,41.886841,-87.745261,"(41.886841, -87.745261)"
491,Talman Ave & Addison St,Talman Ave & Addison St,15,14,In Service,41.94663583,-87.69461476,"(41.9466358306, -87.694614758)"
628,Walsh Park,Off-Street,23,23,In Service,41.91461,-87.667968,"(41.91461, -87.667968)"
3,Shedd Aquarium,Shedd Aquarium,55,54,In Service,41.86722596,-87.61535539,"(41.86722595682, -87.6153553902)"
630,Kildare Ave & Montrose Ave,On-Street,15,15,In Service,41.96108,-87.73569,"(41.96108, -87.73569)"
28,Larrabee St & Menomonee St,590 W. Menomonee,15,15,In Service,41.91468,-87.64332,"(41.91468, -87.64332)"
285,Wood St & Hubbard St,Off Street,19,19,In Service,41.889587,-87.671956,"(41.889587, -87.671956)"
27,Larrabee St & North Ave,1530 N.Larrabee st,19,18,In Service,41.91021,-87.6435,"(41.91021, -87.6435)"
635,Fairbanks St & Superior St (*),Fairbanks St & Superior St (*),12,12,In Service,41.895748,-87.620104,"(41.895748, -87.620104)"
108,Halsted St & Polk St,Halsted St & Polk St,19,19,In Service,41.87184,-87.64664,"(41.87184, -87.64664)"
587,Wabash Ave & 83rd St,Wabash Ave & 83rd St,11,11,In Service,41.743316,-87.622849,"(41.743316, -87.622849)"
350,Ashland Ave & Chicago Ave,Ashland Ave & Chicago Ave,15,13,In Service,41.895966,-87.667747,"(41.895966, -87.667747)"
636,Orleans St & Hubbard St (*),Orleans St & Hubbard St (*),12,11,In Service,41.890028,-87.636618,"(41.890028, -87.636618)"
581,Commercial Ave & 83rd St,Commercial Ave & 83rd St,11,11,In Service,41.744615,-87.551208,"(41.744615, -87.551208)"
476,Kedzie Ave & Leland Ave,Kedzie Ave & Leland Ave,15,15,In Service,41.96668636,-87.70805198,"(41.96668636205, -87.7080519806)"
502,California Ave & Altgeld St,California Ave & Altgeld St,15,15,In Service,41.92669,-87.697668,"(41.92669, -87.697668)"
568,Normal Ave & 72nd St,Normal Ave & 72nd St,11,11,In Service,41.763462,-87.637297,"(41.763462, -87.637297)"
132,Wentworth Ave & 24th St,Wentworth Ave & 24th St,15,15,In Service,41.849237,-87.631715,"(41.849237, -87.631715)"
536,Kostner Ave & Lake St,Kostner Ave & Lake St,11,11,In Service,41.885928,-87.73541,"(41.885928, -87.73541)"
534,Karlov Ave & Madison St,Karlov Rd & Madison St,11,10,In Service,41.88085,-87.727907,"(41.88085, -87.727907)"
85,Michigan Ave & Oak St,140 E Oak St,23,23,In Service,41.90096039,-87.62377664,"(41.90096039, -87.62377664)"
530,Laramie Ave & Kinzie St,Laramie Ave & Kinzie St,11,11,In Service,41.887832,-87.755527,"(41.887832, -87.755527)"
94,Clark St & Armitage Ave,Clark St & Armitage Ave,31,29,In Service,41.918306,-87.636282,"(41.918306, -87.636282)"
114,Sheffield Ave & Waveland Ave,Sheffield Ave & Waveland Ave,27,26,In Service,41.949399,-87.654529,"(41.949399, -87.654529)"
115,Sheffield Ave & Wellington Ave,Sheffield Ave & Wellington Ave,22,20,In Service,41.936266,-87.652662,"(41.936266, -87.652662)"
570,Evans Ave & 75th St,Evans Ave & 75th St,11,11,In Service,41.758308,-87.606685,"(41.758308, -87.606685)"
543,Laramie Ave & Gladys Ave,Laramie Ave & Gladys Ave,11,11,In Service,41.875806,-87.755285,"(41.875806, -87.755285)"
540,Laramie Ave & Madison St,Laramie Ave & Madison St,11,10,In Service,41.880207,-87.755337,"(41.880207, -87.755337)"
158,Milwaukee Ave & Wabansia Ave,Milwaukee Ave & Wabansia Ave,15,15,In Service,41.912616,-87.681391,"(41.912616, -87.681391)"
643,Smith Park (*),Smith Park (*),12,12,In Service,41.892048,-87.689397,"(41.892048, -87.689397)"
542,Central Ave & Madison St,Central Ave & Madison St,11,10,In Service,41.880121,-87.763238,"(41.880121, -87.763238)"
171,May St & Cullerton St,May St & Cullerton St,11,11,In Service,41.855136,-87.654127,"(41.855136, -87.654127)"
646,State St & 54th St,State St & 54th St,11,10,In Service,41.796642,-87.625923,"(41.796642, -87.625923)"
639,Lakefront Trail & Wilson Ave,Lakefront Trail & Wilson Ave,15,14,In Service,41.965845,-87.645361,"(41.965845, -87.645361)"
167,Damen Ave & Coulter St,Damen Ave & Coulter St,11,11,In Service,41.8492,-87.67564,"(41.8492, -87.67564)"
641,Central Park Ave & Bloomingdale Ave,Central Park Ave & Bloomingdale Ave,11,11,In Service,41.914166,-87.716755,"(41.914166, -87.716755)"
655,Hoyne Ave & Balmoral Ave,Hoyne Ave & Balmoral Ave,15,15,In Service,41.979851,-87.681932,"(41.979851, -87.681932)"
539,Cicero Ave & Quincy St,Cicero Ave & Quincy St,11,11,In Service,41.877613,-87.745405,"(41.877613, -87.745405)"
660,Sheridan Rd & Columbia Ave,Sheridan Rd & Columbia Ave,15,15,In Service,42.004583,-87.661406,"(42.004583, -87.661406)"
638,Clinton St & Jackson Blvd (*),Clinton St & Jackson Blvd (*),16,15,In Service,41.878419,-87.640977,"(41.878419, -87.640977)"
637,Wood St & Chicago Ave (*),Wood St & Chicago Ave (*),12,11,In Service,41.895634,-87.672069,"(41.895634, -87.672069)"
73,Jefferson St & Monroe St,207 S Jefferson St,19,19,In Service,41.880422,-87.642746,"(41.880422, -87.642746)"
160,Campbell Ave & North Ave,Campbell Ave & North Ave,15,14,In Service,41.910535,-87.689556,"(41.910535, -87.689556)"
541,Central Ave & Harrison St,Central Ave & Harrison St,11,9,In Service,41.872993,-87.764499,"(41.872993, -87.764499)"
203,Western Ave & 21st St,Western Ave & 21st St,15,15,In Service,41.854109,-87.685838,"(41.854109, -87.685838)"
544,Austin Blvd & Madison St,Austin Blvd & Madison St,11,11,In Service,41.880281,-87.774453,"(41.880281, -87.774453)"
206,Halsted St & Archer Ave,Halsted St & Archer Ave,15,14,In Service,41.847203,-87.646795,"(41.847203, -87.646795)"
572,State St & 76th St,State St & 76th St,11,11,In Service,41.756971,-87.624621,"(41.756971, -87.624621)"
192,Canal St & Adams St,Canal St & Adams St,47,47,In Service,41.879255,-87.639904,"(41.879255, -87.639904)"
198,Green St & Madison St,Green St & Madison St,27,26,In Service,41.881892,-87.648789,"(41.881892, -87.648789)"
201,Indiana Ave & 40th St,Indiana Ave & 40th St,11,11,In Service,41.82168,-87.6216,"(41.82168, -87.6216)"
200,MLK Jr Dr & 47th St,MLK Jr Dr & 47th St,11,11,In Service,41.809851,-87.616279,"(41.809851, -87.616279)"
204,Prairie Ave & Garfield Blvd,Prairie Ave & Garfield Blvd,11,11,In Service,41.794853,-87.618691,"(41.794853, -87.618691)"
233,Sangamon St & Washington Blvd (*),Sangamon St & Washington Blvd (*),16,16,In Service,41.883165,-87.6511,"(41.883165, -87.6511)"
181,LaSalle St & Illinois St,On Street,31,31,In Service,41.890762,-87.631697,"(41.890762, -87.631697)"
127,Lincoln Ave & Fullerton Ave,Lincoln Ave & Fullerton Ave,15,12,In Service,41.925905,-87.64926,"(41.925905, -87.64926)"
174,Canal St & Madison St,Canal St & Madison St,35,34,In Service,41.882091,-87.639833,"(41.882091, -87.639833)"
215,Damen Ave & Madison St,Damen Ave & Madison St,15,14,In Service,41.88137,-87.67493,"(41.88137, -87.67493)"
280,Morgan St & 31st St,Morgan St & 31st St,11,11,In Service,41.8378,-87.65114,"(41.8378, -87.65114)"
281,Western Ave & 24th St,Western Ave & 24th St,10,10,In Service,41.84847,-87.685109,"(41.84847, -87.685109)"
186,Ogden Ave & Race Ave,Ogden Ave & Race Ave,15,15,In Service,41.891795,-87.658751,"(41.891795, -87.658751)"
274,Racine Ave & 15th St,Racine Ave & 15th St,15,14,In Service,41.861267,-87.656625,"(41.861267, -87.656625)"
271,Cottage Grove Ave & 43rd St,Cottage Grove Ave & 43rd St,11,10,In Service,41.816499,-87.606582,"(41.816499, -87.606582)"
217,Racine Ave (May St) & Fulton St,Racine Ave (May St) & Fulton St,14,11,In Service,41.886926,-87.656919,"(41.886926, -87.656919)"
270,Stony Island Ave & 75th St,Stony Island Ave & 75th St,11,10,In Service,41.75866967,-87.58688287,"(41.7586696704, -87.586882871)"
278,Wallace St & 35th St,On Street,15,15,In Service,41.830629,-87.64129,"(41.830629, -87.64129)"
405,Wentworth Ave & 35th St,Wentworth Ave & 35th St,15,15,In Service,41.830777,-87.632504,"(41.830777, -87.632504)"
282,Halsted St & Maxwell St,Halsted St & Maxwell St,15,15,In Service,41.864883,-87.647071,"(41.864883, -87.647071)"
589,Milwaukee Ave & Cuyler Ave,Milwaukee Ave & Cuyler Ave,11,11,In Service,41.954468,-87.749594,"(41.954468, -87.749594)"
321,Wabash Ave & 9th St,Wabash Ave & 9th St,19,17,In Service,41.870769,-87.625734,"(41.870769, -87.625734)"
355,South Shore Dr & 67th St,South Shore Dr & 67th St,15,15,In Service,41.773643,-87.567514,"(41.773643, -87.567514)"
335,Calumet Ave & 35th St,Calumet Ave & 35th St,15,15,In Service,41.831379,-87.618034,"(41.831379, -87.618034)"
369,Wood St & 35th St,NA1,11,10,In Service,41.83010465,-87.67029831,"(41.83010465416, -87.6702983089)"
342,Wolcott Ave & Polk St,Wolcott Ave & Polk St,23,22,In Service,41.871262,-87.673688,"(41.871262, -87.673688)"
333,Ashland Ave & Blackhawk St,Ashland Ave & Blackhawk St,15,15,In Service,41.907066,-87.667252,"(41.907066, -87.667252)"
61,Wood St & Milwaukee Ave,1416 N Wood St,19,18,In Service,41.907655,-87.672552,"(41.907655, -87.672552)"
421,MLK Jr Dr & 56th St (*),MLK Jr Dr & 56th St (*),12,12,In Service,41.79342946,-87.61585326,"(41.79342945658, -87.6158532619)"
95,Stony Island Ave & 64th St,Stony Island Ave & 64th St,11,11,In Service,41.778881,-87.586647,"(41.778881, -87.586647)"
391,Halsted St & 69th St,Halsted St & 69th St,11,11,In Service,41.76906172,-87.64461358,"(41.76906172032, -87.6446135779)"
385,Princeton Ave & Garfield Blvd,Princeton Ave & Garfield Blvd,11,11,In Service,41.794982,-87.633124,"(41.794982, -87.633124)"
535,Pulaski Rd & Congress Pkwy,Pulaski Rd & Congress Pkwy,11,11,In Service,41.874325,-87.725704,"(41.874325, -87.725704)"
388,Halsted St & 63rd St,Halsted St & 63rd St,11,10,In Service,41.77938114,-87.64462082,"(41.77938114228, -87.6446208145)"
383,Ashland Ave & Harrison St,Ashland Ave & Harrison St,23,22,In Service,41.874293,-87.667284,"(41.874293, -87.667284)"
545,Kostner Ave & Adams St,Kostner Ave & Adams St,11,11,In Service,41.877917,-87.735737,"(41.877917, -87.735737)"
430,MLK Jr Dr & 63rd St,MLK Jr Dr & 63rd St,11,11,In Service,41.78008064,-87.61594286,"(41.78008063659, -87.6159428567)"
427,Cottage Grove Ave & 63rd St,Cottage Grove Ave & 63rd St,15,15,In Service,41.78059902,-87.60611239,"(41.78059901484, -87.606112388)"
406,Lake Park Ave & 35th St,Lake Park Ave & 35th St,19,19,In Service,41.83127424,-87.6087992,"(41.83127423549, -87.6087991946)"
488,Pulaski Rd & Eddy St (Temp),Pulaski Rd & Eddy St (Temp),11,11,In Service,41.946264,-87.731023,"(41.946264, -87.731023)"
374,Western Ave & Walton St,Western Ave & Walton St,23,22,In Service,41.89841769,-87.68659602,"(41.89841768945, -87.6865960164)"
416,Dorchester Ave & 49th St,Dorchester Ave & 49th St,15,15,In Service,41.805772,-87.592464,"(41.805772, -87.592464)"
426,Ellis Ave & 60th St,Ellis Ave & 60th St,19,19,In Service,41.78509715,-87.60107276,"(41.78509714636, -87.6010727606)"
401,Shields Ave & 28th Pl,Shields Ave & 28th Pl,11,10,In Service,41.842733,-87.635491,"(41.842733, -87.635491)"
470,Kedzie Ave & Foster Ave,Kedzie Ave & Foster Ave,15,15,In Service,41.975672,-87.709261,"(41.975672, -87.709261)"
469,St. Louis Ave & Balmoral Ave,St. Louis Ave & Balmoral Ave,15,15,In Service,41.98039424,-87.71611496,"(41.98039423475, -87.7161149615)"
365,Halsted St & North Branch St,Halsted St & North Branch St,15,15,In Service,41.89936844,-87.64847988,"(41.89936843921, -87.6484798752)"
122,Ogden Ave & Congress Pkwy,Ogden Ave & Congress Pkwy,15,14,In Service,41.87501,-87.67328,"(41.87501, -87.67328)"
452,Western Ave & Granville Ave,Western Ave & Granville Ave,11,11,In Service,41.99416137,-87.68943828,"(41.99416136902, -87.689438282)"
292,Southport Ave & Clark St,Southport Ave & Clark St,11,10,In Service,41.957081,-87.664199,"(41.957081, -87.664199)"
550,Central Ave & Chicago Ave,Central Ave & Chicago Ave,11,11,In Service,41.894958,-87.764902,"(41.894958, -87.764902)"
454,Broadway & Granville Ave,Broadway & Granville Ave,23,23,In Service,41.99477969,-87.66028454,"(41.9947796884, -87.6602845349)"
569,Woodlawn Ave & 75th St,Woodlawn Ave & 75th St,11,11,In Service,41.75916,-87.595751,"(41.75916, -87.595751)"
399,South Shore Dr & 74th St,South Shore Dr & 74th St,11,11,In Service,41.76218896,-87.55927465,"(41.76218896038, -87.55927465)"
500,Central Park Ave & Elbridge Ave,Central Park Ave & Elbridge Ave,15,14,In Service,41.93533728,-87.71688929,"(41.93533728263, -87.7168892935)"
494,Kedzie Ave & Bryn Mawr Ave,Kedzie Ave & Bryn Mawr Ave,15,15,In Service,41.98239709,-87.70892252,"(41.98239708485, -87.7089225202)"
119,Ashland Ave & Lake St (Temp),Ashland Ave & Lake St (Temp),19,19,In Service,41.88592,-87.66717,"(41.88592, -87.66717)"
124,Damen Ave & Cullerton St,Damen Ave & Cullerton St,15,15,In Service,41.855048,-87.675726,"(41.855048, -87.675726)"
131,Lincoln Ave & Belmont Ave,Lincoln Ave & Belmont Ave,15,14,In Service,41.939365,-87.668385,"(41.939365, -87.668385)"
595,Wabash Ave & 87th St,Wabash Ave & 87th St,11,11,In Service,41.736646,-87.622634,"(41.736646, -87.622634)"
492,Leavitt St & Addison St,Leavitt St & Addison St,15,14,In Service,41.946655,-87.683359,"(41.946655, -87.683359)"
577,Stony Island Ave & South Chicago Ave,Stony Island Ave & South Chicago Ave,11,10,In Service,41.751173,-87.585337,"(41.751173, -87.585337)"
466,Ridge Blvd & Touhy Ave,Ridge Blvd & Touhy Ave,11,11,In Service,42.01213228,-87.68291264,"(42.01213227742, -87.6829126443)"
164,Franklin St & Lake St,Franklin St & Lake St,27,27,In Service,41.885837,-87.6355,"(41.885837, -87.6355)"
459,Lakefront Trail & Bryn Mawr Ave,Lakefront Trail & Bryn Mawr Ave,19,19,In Service,41.9840367,-87.65231047,"(41.98403669612, -87.6523104689)"
571,Vernon Ave & 75th St,Vernon Ave & 75th St,11,11,In Service,41.758361,-87.614138,"(41.758361, -87.614138)"
136,Racine Ave & 13th St,Racine Ave & 13th St,15,14,In Service,41.865054,-87.656959,"(41.865054, -87.656959)"
133,Kingsbury St & Kinzie St,Kingsbury St & Kinzie St,31,29,In Service,41.88917683,-87.63850577,"(41.88917683258, -87.6385057718)"
418,Ellis Ave & 53rd St,Ellis Ave & 53rd St,11,10,In Service,41.79933626,-87.60095812,"(41.79933626261, -87.6009581145)"
509,Troy St & North Ave,Troy St & North Ave,15,15,In Service,41.9097693,-87.70528049,"(41.90976930169, -87.7052804871)"
126,Clark St & North Ave,Clark St & North Ave,15,14,In Service,41.911974,-87.631942,"(41.911974, -87.631942)"
184,State St & 35th St,State St & 35th St,19,18,In Service,41.83104,-87.62688,"(41.83104, -87.62688)"
316,Damen Ave & Sunnyside Ave,Damen Ave & Sunnyside Ave,19,17,In Service,41.96325,-87.679258,"(41.96325, -87.679258)"
481,California Ave & Montrose Ave,California Ave & Montrose Ave,15,15,In Service,41.961068,-87.695439,"(41.961068, -87.695439)"
323,Sheridan Rd & Lawrence Ave,Sheridan Rd & Lawrence Ave,19,19,In Service,41.969517,-87.654691,"(41.969517, -87.654691)"
579,Phillips Ave & 79th St,Phillips Ave & 79th St,11,11,In Service,41.75182,-87.565211,"(41.75182, -87.565211)"
547,Ashland Ave & Pershing Rd,Ashland Ave & Pershing Rd,11,11,In Service,41.823465,-87.665577,"(41.823465, -87.665577)"
576,Greenwood Ave & 79th St,Greenwood Ave & 79th St,11,11,In Service,41.751294,-87.597552,"(41.751294, -87.597552)"
393,Calumet Ave & 71st St,Calumet Ave & 71st St,11,11,In Service,41.76550801,-87.61691793,"(41.76550800581, -87.616917925)"
356,Stony Island Ave & 71st St,Stony Island Ave & 71st St,11,11,In Service,41.76649294,-87.58646088,"(41.7664929373, -87.5864608775)"
575,Cottage Grove Ave & 78th St,Cottage Grove Ave & 78th St,11,11,In Service,41.753174,-87.605026,"(41.753174, -87.605026)"
504,Campbell Ave & Fullerton Ave,Campbell Ave & Fullerton Ave,15,14,In Service,41.92463247,-87.68930701,"(41.92463247165, -87.6893070063)"
134,Peoria St & Jackson Blvd,Peoria St & Jackson Blvd,19,18,In Service,41.877749,-87.649633,"(41.877749, -87.649633)"
620,Orleans St & Chestnut St (NEXT Apts),Orleans St & Chestnut St (NEXT Apts),15,13,In Service,41.898203,-87.637536,"(41.898203, -87.637536)"
390,Wentworth Ave & 63rd St,Wentworth Ave & 63rd St,11,11,In Service,41.78007963,-87.62974631,"(41.78007963264, -87.6297463052)"
553,Elizabeth St & 47th St,Elizabeth St & 47th St,11,11,In Service,41.80839,-87.656526,"(41.80839, -87.656526)"
528,Pulaski Rd & Lake St,Pulaski Rd & Lake St,11,10,In Service,41.885409,-87.726491,"(41.885409, -87.726491)"
619,Keystone Ave & Fullerton Ave,Keystone Ave & Fullerton Ave,11,11,In Service,41.924377,-87.728231,"(41.924377, -87.728231)"
231,Sheridan Rd & Montrose Ave,Sheridan Rd & Montrose Ave,23,23,In Service,41.96167,-87.65464,"(41.96167, -87.65464)"
223,Clifton Ave & Armitage Ave,Clifton Ave & Armitage Ave,15,15,In Service,41.918216,-87.656936,"(41.918216, -87.656936)"
272,Indiana Ave & 31st St,Indiana Ave & 31st St,11,10,In Service,41.838842,-87.621857,"(41.838842, -87.621857)"
20,Sheffield Ave & Kingsbury St,Sheffield Ave & Kingsbury St,15,12,In Service,41.910522,-87.653106,"(41.910522, -87.653106)"
248,Woodlawn Ave & 55th St,Woodlawn Ave & 55th St,19,17,In Service,41.795264,-87.596471,"(41.795264, -87.596471)"
456,2112 W Peterson Ave,2112 W Peterson Ave,11,10,In Service,41.991178,-87.683593,"(41.991178, -87.683593)"
395,Jeffery Blvd & 76th St,Jeffery Blvd & 76th St,11,11,In Service,41.75712007,-87.57583936,"(41.75712006802, -87.5758393587)"
396,Yates Blvd & 75th St,Yates Blvd & 75th St,11,11,In Service,41.758768,-87.56644,"(41.758768, -87.56644)"
585,Cottage Grove Ave & 83rd St,Cottage Grove Ave & 83rd St,11,10,In Service,41.744053,-87.604786,"(41.744053, -87.604786)"
555,Ashland Ave & 50th St,Ashland Ave & 50th St,11,11,In Service,41.803023,-87.664699,"(41.803023, -87.664699)"
583,Stony Island Ave & 82nd St,Stony Island Ave & 82nd St,11,9,In Service,41.746559,-87.586005,"(41.746559, -87.586005)"
409,Shields Ave & 43rd St,Shields Ave & 43rd St,11,11,In Service,41.81620768,-87.63481935,"(41.81620767856, -87.6348193497)"
594,Western Blvd & 48th Pl,Western Blvd & 48th Pl,11,11,In Service,41.805661,-87.683392,"(41.805661, -87.683392)"
584,Ellis Ave & 83rd St,Ellis Ave & 83rd St,11,11,In Service,41.744123,-87.599034,"(41.744123, -87.599034)"
12,South Shore Dr & 71st St,MLSW,15,14,In Service,41.76640946,-87.56568757,"(41.7664094567, -87.5656875719)"
118,Sedgwick St & North Ave,Sedgwick St & North Ave,19,19,In Service,41.911386,-87.638677,"(41.911386, -87.638677)"
301,Clark St & Schiller St,Clark St & Schiller St,19,19,In Service,41.907993,-87.631501,"(41.907993, -87.631501)"
286,Franklin St & Quincy St,Franklin St & Quincy St,23,23,In Service,41.878724,-87.634793,"(41.878724, -87.634793)"
117,Wilton Ave & Belmont Ave,Wilton Ave & Belmont Ave,27,27,In Service,41.94018,-87.65304,"(41.94018, -87.65304)"
551,Hoyne Ave & 47th St,Hoyne Ave & 47th St,11,11,In Service,41.808227,-87.67718,"(41.808227, -87.67718)"
415,Calumet Ave & 51st St,Calumet Ave & 51st St,15,15,In Service,41.80229465,-87.61805358,"(41.80229465088, -87.6180535802)"
121,Blackstone Ave & Hyde Park Blvd,Blackstone Ave & Hyde Park Blvd,19,18,In Service,41.802562,-87.590368,"(41.802562, -87.590368)"
410,Prairie Ave & 43rd St,Prairie Ave & 43rd St,15,15,In Service,41.81665889,-87.61941246,"(41.81665889302, -87.6194124619)"
103,Clinton St & Polk St (*),Clinton St & Polk St (*),16,15,In Service,41.87146652,-87.64094913,"(41.87146651779, -87.6409491327)"
109,900 W Harrison St,900 W Harrison St,19,19,In Service,41.874754,-87.649807,"(41.874754, -87.649807)"
110,Dearborn St & Erie St,Dearborn St & Erie St,27,25,In Service,41.893992,-87.629318,"(41.893992, -87.629318)"
101,63rd St Beach,63rd St Beach,15,13,In Service,41.78101637,-87.57611976,"(41.78101637196, -87.5761197602)"
113,Bissell St & Armitage Ave,Bissell St & Armitage Ave,15,14,In Service,41.91844,-87.65222,"(41.91844, -87.65222)"
309,Leavitt St & Armitage Ave,Leavitt St & Armitage Ave,11,1,In Service,41.917805,-87.682437,"(41.917805, -87.682437)"
31,Franklin St & Chicago Ave,805 N. Franklin St,23,23,In Service,41.896776,-87.635633,"(41.896776, -87.635633)"
411,Halsted St & 47th Pl,Halsted St & 47th Pl,11,10,In Service,41.80813392,-87.64561655,"(41.80813391481, -87.6456165545)"
412,Princeton Ave & 47th St,Princeton Ave & 47th St,11,11,In Service,41.80931771,-87.63344929,"(41.80931770924, -87.633449288)"
336,Cottage Grove Ave & 47th St,Off Street,15,15,In Service,41.809855,-87.606755,"(41.809855, -87.606755)"
588,South Chicago Ave & 83rd St,South Chicago Ave & 83rd St,11,11,In Service,41.743921,-87.575225,"(41.743921, -87.575225)"
222,Milwaukee Ave & Rockwell St,Milwaukee Ave & Rockwell St,19,18,In Service,41.920195,-87.693033,"(41.920195, -87.693033)"
130,Damen Ave & Division St,Damen Ave & Division St,19,19,In Service,41.903266,-87.678435,"(41.903266, -87.678435)"
339,Emerald Ave & 31st St,Emerald Ave & 31st St,11,10,In Service,41.838198,-87.645143,"(41.838198, -87.645143)"
143,Sedgwick St & Webster Ave,Sedgwick St & Webster Ave,15,15,In Service,41.922167,-87.638888,"(41.922167, -87.638888)"
129,Blue Island Ave & 18th St,Blue Island Ave & 18th St,15,14,In Service,41.857556,-87.661535,"(41.857556, -87.661535)"
149,Calumet Ave & 33rd St,Calumet Ave & 33rd St,11,10,In Service,41.8349,-87.61793,"(41.8349, -87.61793)"
135,Halsted St & 21st St,Halsted St & 21st St,11,11,In Service,41.85378,-87.64665,"(41.85378, -87.64665)"
381,Western Ave & Monroe St,Western Ave & Monroe St,15,15,In Service,41.87978771,-87.68611281,"(41.8797877089, -87.686112808)"
263,Rhodes Ave & 32nd St,Rhodes Ave & 32nd St,11,11,In Service,41.836208,-87.613533,"(41.836208, -87.613533)"
175,Wells St & Polk St,Wells St & Polk St,19,19,In Service,41.872596,-87.633502,"(41.872596, -87.633502)"
150,Fort Dearborn Dr & 31st St,Fort Dearborn Dr & 31st St,27,27,In Service,41.838556,-87.608218,"(41.838556, -87.608218)"
197,Michigan Ave & Madison St,Michigan Ave & Madison St,19,18,In Service,41.882134,-87.625125,"(41.882134, -87.625125)"
210,Ashland Ave & Division St,Ashland Ave & Division St,27,27,In Service,41.90345,-87.667747,"(41.90345, -87.667747)"
377,Kedzie Ave & Lake St,Kedzie Ave & Lake St,15,15,In Service,41.88460329,-87.70630374,"(41.88460328501, -87.7063037436)"
480,Albany Ave & Montrose Ave,Albany Ave & Montrose Ave,15,14,In Service,41.961041,-87.705866,"(41.961041, -87.705866)"
205,Paulina St & 18th St,Paulina St & 18th St,15,13,In Service,41.857901,-87.668745,"(41.857901, -87.668745)"
148,State St & 33rd St,State St & 33rd St,15,12,In Service,41.834734,-87.625813,"(41.834734, -87.625813)"
18,Wacker Dr & Washington St,Wacker Dr & Washington St,19,16,In Service,41.883132,-87.637321,"(41.883132, -87.637321)"
191,Canal St & Monroe St (*),Canal St & Monroe St (*),28,1,In Service,41.880381,-87.639507,"(41.880381, -87.639507)"
531,Central Ave & Lake St,Central Ave & Lake St,11,10,In Service,41.887664,-87.765469,"(41.887664, -87.765469)"
147,Indiana Ave & 26th St,Indiana Ave & 26th St,15,15,In Service,41.845687,-87.622481,"(41.845687, -87.622481)"
170,Clinton St & 18th St,Clinton St & 18th St,15,14,In Service,41.85795,-87.640826,"(41.85795, -87.640826)"
178,State St & 19th St,State St & 19th St,15,14,In Service,41.856594,-87.627542,"(41.856594, -87.627542)"
315,Elston Ave & Wabansia Ave,Elston Ave & Wabansia Ave,23,23,In Service,41.912919,-87.664169,"(41.912919, -87.664169)"
439,Kedzie Ave & 21st St,Kedzie Ave & 21st St,11,10,In Service,41.85353363,-87.70507303,"(41.85353363213, -87.7050730318)"
455,Maplewood Ave & Peterson Ave,Maplewood Ave & Peterson Ave,11,11,In Service,41.99023603,-87.69336964,"(41.99023602867, -87.6933696402)"
431,Eberhart Ave & 61st St,Eberhart Ave & 61st St,11,10,In Service,41.78414169,-87.61330783,"(41.78414169317, -87.6133078304)"
261,Hermitage Ave & Polk St,Hermitage Ave & Polk St,15,15,In Service,41.871514,-87.669886,"(41.871514, -87.669886)"
375,Sacramento Blvd & Franklin Blvd,Sacramento Blvd & Franklin Blvd,11,10,In Service,41.889727,-87.70103,"(41.889727, -87.70103)"
590,Kilbourn Ave & Irving Park Rd,Kilbourn Ave & Irving Park Rd,15,15,In Service,41.953733,-87.740569,"(41.953733, -87.740569)"
265,Cottage Grove Ave & Oakwood Blvd,Cottage Grove Ave & Oakwood Blvd,15,15,In Service,41.822985,-87.6071,"(41.822985, -87.6071)"
566,Ashland Ave & 69th St,Ashland Ave & 69th St,11,11,In Service,41.768726,-87.664069,"(41.768726, -87.664069)"
533,Central Park Blvd & 5th Ave,Central Park Blvd & 5th Ave,11,10,In Service,41.875679,-87.71547,"(41.875679, -87.71547)"
218,Wells St & 19th St,Wells St & 19th St,11,10,In Service,41.856802,-87.633879,"(41.856802, -87.633879)"
368,Ashland Ave & Archer Ave,Ashland Ave & Archer Ave,15,15,In Service,41.83920868,-87.66560986,"(41.83920868403, -87.6656098589)"
37,Dearborn St & Adams St,59 W. Adams St,19,19,In Service,41.87935636,-87.62979104,"(41.8793563587, -87.6297910363)"
55,Halsted St & Roosevelt Rd,850 W Roosevelt Rd,23,23,In Service,41.867324,-87.648625,"(41.867324, -87.648625)"
212,Wells St & Hubbard St,Wells St & Hubbard St,31,30,In Service,41.889906,-87.634266,"(41.889906, -87.634266)"
22,May St & Taylor St,1134 W. Taylor St,15,15,In Service,41.8694821,-87.6554864,"(41.8694821, -87.6554864)"
482,Campbell Ave & Montrose Ave,Campbell Ave & Montrose Ave,15,15,In Service,41.96152593,-87.69116504,"(41.96152593287, -87.6911650414)"
227,Southport Ave & Waveland Ave,Southport Ave & Waveland Ave,23,23,In Service,41.94815,-87.66394,"(41.94815, -87.66394)"
499,Kosciuszko Park,Kosciuszko Park,15,14,In Service,41.93058537,-87.72377736,"(41.93058537138, -87.7237773635)"
467,Western Ave & Lunt Ave,Western Ave & Lunt Ave,15,15,In Service,42.0085944,-87.69049224,"(42.0085943972, -87.6904922389)"
477,Manor Ave & Leland Ave,Manor Ave & Leland Ave,11,11,In Service,41.965875,-87.700825,"(41.965875, -87.700825)"
495,Keystone Ave & Montrose Ave,Keystone Ave & Montrose Ave,15,15,In Service,41.96110802,-87.7289701,"(41.96110801623, -87.7289701012)"
237,MLK Jr Dr & 29th St,MLK Jr Dr & 29th St,19,19,In Service,41.842052,-87.617,"(41.842052, -87.617)"
562,Racine Ave & 61st St,Racine Ave & 61st St,11,10,In Service,41.783189,-87.654372,"(41.783189, -87.654372)"
559,Racine Ave & Garfield Blvd,Racine Ave & Garfield Blvd,11,10,In Service,41.794228,-87.655073,"(41.794228, -87.655073)"
560,Marshfield Ave & 59th St,Marshfield Ave & 59th St,11,11,In Service,41.786833,-87.666215,"(41.786833, -87.666215)"
243,Lincoln Ave & Leavitt St,Lincoln Ave & Leavitt St,15,15,In Service,41.962391,-87.684146,"(41.962391, -87.684146)"
472,Lincoln Ave & Winona St,Lincoln Ave & Winona St,15,15,In Service,41.9749113,-87.69250256,"(41.97491129677, -87.6925025594)"
498,California Ave & Fletcher St,California Ave & Fletcher St,19,19,In Service,41.93842879,-87.69800776,"(41.93842879148, -87.698007756)"
557,Seeley Ave & Garfield Blvd,Seeley Ave & Garfield Blvd,11,11,In Service,41.794087,-87.675478,"(41.794087, -87.675478)"
446,Western Ave & 28th St,Western Ave & 28th St,11,11,In Service,41.84151771,-87.68513144,"(41.84151770807, -87.6851314409)"
558,Ashland Ave & Garfield Blvd,Ashland Ave & Garfield Blvd,11,11,In Service,41.792822,-87.664429,"(41.792822, -87.664429)"
414,Canal St & Taylor St,Canal St & Taylor St,15,15,In Service,41.870257,-87.639474,"(41.870257, -87.639474)"
256,Broadway & Sheridan Rd,Broadway & Sheridan Rd,15,14,In Service,41.952833,-87.649993,"(41.952833, -87.649993)"
370,Calumet Ave & 21st St,Calumet Ave & 21st St,15,14,In Service,41.85418425,-87.61915374,"(41.85418424947, -87.6191537415)"
253,Winthrop Ave & Lawrence Ave,Winthrop Ave & Lawrence Ave,15,14,In Service,41.968812,-87.657659,"(41.968812, -87.657659)"
445,California Ave & 26th St,California Ave & 26th St,11,10,In Service,41.84404003,-87.69529592,"(41.84404003127, -87.6952959227)"
247,Shore Dr & 55th St,Shore Dr & 55th St,17,15,In Service,41.795212,-87.580715,"(41.795212, -87.580715)"
288,Larrabee St & Armitage Ave,Off Street,15,15,In Service,41.918084,-87.643749,"(41.918084, -87.643749)"
438,Central Park Ave & Ogden Ave,Central Park Ave & Ogden Ave,15,14,In Service,41.85420431,-87.71540584,"(41.85420431327, -87.7154058381)"
443,Millard Ave & 26th St,Millard Ave & 26th St,6,5,In Service,41.84456685,-87.71591031,"(41.84456684891, -87.7159103081)"
441,Kedzie Ave & 24th St,Kedzie Ave & 24th St,11,11,In Service,41.84819095,-87.70541375,"(41.84819094491, -87.7054137458)"
518,Conservatory Dr & Lake St,Conservatory Dr & Lake St,15,15,In Service,41.885502,-87.716866,"(41.885502, -87.716866)"
493,Western Ave & Roscoe St,Western Ave & Roscoe St,15,14,In Service,41.943034,-87.687288,"(41.943034, -87.687288)"
483,Avondale Ave & Irving Park Rd,Avondale Ave & Irving Park Rd,19,19,In Service,41.953393,-87.732002,"(41.953393, -87.732002)"
485,Sawyer Ave & Irving Park Rd,Sawyer Ave & Irving Park Rd,15,15,In Service,41.95358618,-87.7093108,"(41.95358617895, -87.7093107999)"
241,Morgan St & Polk St,Morgan St & Polk St,19,19,In Service,41.871737,-87.65103,"(41.871737, -87.65103)"
552,Ashland Ave & McDowell Ave,Ashland Ave & McDowell Ave,11,11,In Service,41.80887,-87.66454,"(41.80887, -87.66454)"
262,Halsted St & 37th St,On Street,11,11,In Service,41.827059,-87.64572,"(41.827059, -87.64572)"
561,Damen Ave & 59th St,Damen Ave & 59th St,11,11,In Service,41.78602,-87.674167,"(41.78602, -87.674167)"
30,Ashland Ave & Augusta Blvd,1611 W. Augusta Blvd,15,14,In Service,41.899643,-87.6677,"(41.899643, -87.6677)"
226,Racine Ave & Belmont Ave,Racine Ave & Belmont Ave,15,15,In Service,41.939743,-87.658865,"(41.939743, -87.658865)"
295,Broadway & Argyle St,Broadway & Argyle St,19,19,In Service,41.973815,-87.65966,"(41.973815, -87.65966)"
565,Ashland Ave & 66th St,Ashland Ave & 66th St,11,11,In Service,41.774074,-87.663815,"(41.774074, -87.663815)"
88,Racine Ave & Randolph St,1213 W Randolph St,19,19,In Service,41.884069,-87.656853,"(41.884069, -87.656853)"
225,Halsted St & Dickens Ave,Halsted St & Dickens Ave,23,22,In Service,41.919936,-87.64883,"(41.919936, -87.64883)"
60,Dayton St & North Ave,1575 N Dayton St,19,19,In Service,41.91057804,-87.64942193,"(41.9105780349, -87.6494219288)"
593,Halsted St & 59th St,Halsted St & 59th St,11,11,In Service,41.787539,-87.644874,"(41.787539, -87.644874)"
546,Damen Ave & Pershing Rd,Damen Ave & Pershing Rd,11,10,In Service,41.823192,-87.676597,"(41.823192, -87.676597)"
605,University Library (NU),University Library (NU),15,15,In Service,42.052939,-87.673447,"(42.052939, -87.673447)"
307,Southport Ave & Clybourn Ave,Southport Ave & Clybourn Ave,15,15,In Service,41.920771,-87.663712,"(41.920771, -87.663712)"
573,State St & 79th St,State St & 79th St,11,11,In Service,41.750794,-87.624424,"(41.750794, -87.624424)"
324,Stockton Dr & Wrightwood Ave,Stockton Dr & Wrightwood Ave,15,14,In Service,41.93132,-87.638742,"(41.93132, -87.638742)"
317,Wood St & Taylor St,Wood St & Taylor St,23,22,In Service,41.869154,-87.671045,"(41.869154, -87.671045)"
599,Valli Produce - Evanston Plaza,Valli Produce - Evanston Plaza,15,14,In Service,42.039742,-87.699413,"(42.039742, -87.699413)"
601,Central St Metra,Central St Metra,15,14,In Service,42.063598,-87.69873,"(42.063598, -87.69873)"
224,Halsted St & Willow St,Halsted St & Willow St,19,19,In Service,41.913865,-87.648755,"(41.913865, -87.648755)"
320,Loomis St & Lexington St,Loomis St & Lexington St,19,18,In Service,41.872187,-87.661501,"(41.872187, -87.661501)"
600,Dodge Ave & Church St,Dodge Ave & Church St,15,14,In Service,42.048308,-87.698224,"(42.048308, -87.698224)"
598,Elmwood Ave & Austin St,Elmwood Ave & Austin St,15,15,In Service,42.025784,-87.684107,"(42.025784, -87.684107)"
112,Green St & Randolph St,Green St & Randolph St,15,15,In Service,41.883668,-87.64867,"(41.883668, -87.64867)"
120,Wentworth Ave & Cermak Rd (Temp),Wentworth Ave & Cermak Rd (Temp),19,18,In Service,41.853005,-87.630578,"(41.853005, -87.630578)"
100,Orleans St & Merchandise Mart Plaza,333 N Orleans St,35,33,In Service,41.888243,-87.63639,"(41.888243, -87.63639)"
527,Western Ave & Howard St,Western Ave & Howard St,15,15,In Service,42.018901,-87.690048,"(42.018901, -87.690048)"
382,Western Ave & Congress Pkwy,Western Ave & Congress Pkwy,19,18,In Service,41.87474885,-87.68644528,"(41.87474885079, -87.6864452757)"
517,Clark St & Jarvis Ave,Clark St & Jarvis Ave,11,11,In Service,42.015963,-87.675005,"(42.015963, -87.675005)"
522,Bosworth Ave & Howard St,Bosworth Ave & Howard St,11,11,In Service,42.019537,-87.669563,"(42.019537, -87.669563)"
564,Racine Ave & 65th St,Racine Ave & 65th St,11,11,In Service,41.775393,-87.654308,"(41.775393, -87.654308)"
520,Greenview Ave & Jarvis Ave,Greenview Ave & Jarvis Ave,19,19,In Service,42.015962,-87.66857,"(42.015962, -87.66857)"
432,Clark St & Lunt Ave,Clark St & Lunt Ave,19,19,In Service,42.009074,-87.67419,"(42.009074, -87.67419)"
526,Oakley Ave & Touhy Ave,Oakley Ave & Touhy Ave,11,11,In Service,42.012342,-87.688243,"(42.012342, -87.688243)"
331,Halsted St & Clybourn Ave (*),Halsted St & Clybourn Ave (*),28,25,In Service,41.909668,-87.648128,"(41.909668, -87.648128)"
525,Glenwood Ave & Touhy Ave,Glenwood Ave & Touhy Ave,15,14,In Service,42.012701,-87.666058,"(42.012701, -87.666058)"
554,Damen Ave & 51st St,Damen Ave & 51st St,11,10,In Service,41.800908,-87.674684,"(41.800908, -87.674684)"
328,Ellis Ave & 58th St,Ellis Ave & 58th St,19,18,In Service,41.788746,-87.601334,"(41.788746, -87.601334)"
574,Eberhart (Vernon) Ave & 79th St,Eberhart (Vernon) Ave & 79th St,11,11,In Service,41.751345,-87.612568,"(41.751345, -87.612568)"
602,Central St & Girard Ave,Central St & Girard Ave,15,15,In Service,42.064313,-87.686152,"(42.064313, -87.686152)"
207,Emerald Ave & 28th St,Emerald Ave & 28th St,15,15,In Service,41.84358,-87.645368,"(41.84358, -87.645368)"
183,Damen Ave & Thomas St (Augusta Blvd),Damen Ave & Thomas St (Augusta Blvd),23,23,In Service,41.901315,-87.677409,"(41.901315, -87.677409)"
142,McClurg Ct & Erie St,660 N McClurg Ct,31,27,In Service,41.894503,-87.617854,"(41.894503, -87.617854)"
15,Racine Ave & 18th St,1726 S Racine Ave,15,12,In Service,41.858166,-87.656495,"(41.858166, -87.656495)"
299,Halsted St & Roscoe St,Halsted St & Roscoe St,15,14,In Service,41.94367,-87.64895,"(41.94367, -87.64895)"
306,Sheridan Rd & Buena Ave,Sheridan Rd & Buena Ave,19,18,In Service,41.958494,-87.654966,"(41.958494, -87.654966)"
194,Wabash Ave & Wacker Pl,Wabash Ave & Wacker Pl,19,18,In Service,41.886875,-87.62603,"(41.886875, -87.62603)"
202,Halsted St & 18th St,Halsted St & 18th St,15,13,In Service,41.857499,-87.646277,"(41.857499, -87.646277)"
332,Burling St (Halsted) & Diversey Pkwy (Temp),Burling St (Halsted) & Diversey Pkwy (Temp),19,19,In Service,41.93314,-87.64776,"(41.93314, -87.64776)"
334,Lake Shore Dr & Belmont Ave,Lake Shore Dr & Belmont Ave,19,16,In Service,41.940775,-87.639192,"(41.940775, -87.639192)"
234,Clark St & Montrose Ave,Clark St & Montrose Ave,19,18,In Service,41.961588,-87.666036,"(41.961588, -87.666036)"
297,Paulina St & Montrose Ave,Paulina St & Montrose Ave,15,14,In Service,41.961507,-87.671387,"(41.961507, -87.671387)"
351,Cottage Grove Ave & 51st St,Off Street,15,15,In Service,41.803038,-87.606615,"(41.803038, -87.606615)"
471,Francisco Ave & Foster Ave,Francisco Ave & Foster Ave,15,15,In Service,41.97563273,-87.70141944,"(41.97563272521, -87.7014194389)"
311,Leavitt St & Lawrence Ave,Leavitt St & Lawrence Ave,19,19,In Service,41.968885,-87.684001,"(41.968885, -87.684001)"
318,Southport Ave & Irving Park Rd,Southport Ave & Irving Park Rd,15,13,In Service,41.954177,-87.664358,"(41.954177, -87.664358)"
449,Clark St & Columbia Ave,Clark St & Columbia Ave,15,13,In Service,42.00445063,-87.67240241,"(42.00445062934, -87.6724024047)"
346,Ada St & Washington Blvd,Ada St & Washington Blvd,15,14,In Service,41.88283,-87.661206,"(41.88283, -87.661206)"
116,Western Ave & Winnebago Ave,Western Ave & Winnebago Ave,15,15,In Service,41.91552,-87.687022,"(41.91552, -87.687022)"
344,Ravenswood Ave & Lawrence Ave,Ravenswood Ave & Lawrence Ave,47,47,In Service,41.96909,-87.674237,"(41.96909, -87.674237)"
38,Clark St & Lake St,Clark St & Lake St,27,26,In Service,41.88602083,-87.63087606,"(41.88602082773, -87.6308760584)"
146,Loomis St & Jackson Blvd,Loomis St & Jackson Blvd,19,18,In Service,41.877945,-87.662007,"(41.877945, -87.662007)"
340,Clark St & Wrightwood Ave,Clark St & Wrightwood Ave,15,14,In Service,41.929546,-87.643118,"(41.929546, -87.643118)"
354,Sheridan Rd & Greenleaf Ave,Sheridan Rd & Greenleaf Ave,15,14,In Service,42.01058656,-87.6624121,"(42.01058656284, -87.6624120948)"
39,Wabash Ave & Adams St,Wabash Ave & Adams St,23,19,In Service,41.87947235,-87.62568861,"(41.87947235235, -87.6256886059)"
273,Michigan Ave & 18th St,Michigan Ave & 18th St,23,23,In Service,41.857813,-87.62455,"(41.857813, -87.62455)"
402,Shields Ave & 31st St,Shields Ave & 31st St,15,15,In Service,41.838464,-87.635406,"(41.838464, -87.635406)"
433,Kedzie Ave & Harrison St,Kedzie Ave & Harrison St,11,10,In Service,41.87359968,-87.70487075,"(41.87359967462, -87.7048707493)"
208,Ashland Ave & 21st St,Ashland Ave & 21st St,14,14,In Service,41.85381,-87.665897,"(41.85381, -87.665897)"
417,Cornell Ave & Hyde Park Blvd,Cornell Ave & Hyde Park Blvd,18,18,In Service,41.802406,-87.586924,"(41.802406, -87.586924)"
162,Damen Ave & Wellington Ave,Damen Ave & Wellington Ave,15,14,In Service,41.93588,-87.67842,"(41.93588, -87.67842)"
17,Honore St & Division St,W. Divison St,23,23,In Service,41.903119,-87.673935,"(41.903119, -87.673935)"
420,Ellis Ave & 55th St,Ellis Ave & 55th St,19,19,In Service,41.79430062,-87.60144977,"(41.79430062054, -87.6014497734)"
185,Stave St & Armitage Ave,Stave St & Armitage Ave,11,11,In Service,41.917741,-87.691392,"(41.917741, -87.691392)"
413,Woodlawn Ave & Lake Park Ave,Woodlawn Ave & Lake Park Ave,15,15,In Service,41.81409271,-87.59700515,"(41.81409271048, -87.5970051479)"
437,Washtenaw Ave & Ogden Ave (*),Washtenaw Ave & Ogden Ave (*),16,14,In Service,41.861894,-87.693511,"(41.861894, -87.693511)"
424,Museum of Science and Industry,Museum of Science and Industry,27,25,In Service,41.79172821,-87.58394501,"(41.79172820953, -87.583945009)"
152,Lincoln Ave & Diversey Pkwy,Lincoln Ave & Diversey Pkwy,15,13,In Service,41.932225,-87.658617,"(41.932225, -87.658617)"
423,University Ave & 57th St,Off Street,31,27,In Service,41.791478,-87.599861,"(41.791478, -87.599861)"
460,Clark St & Bryn Mawr Ave,Clark St & Bryn Mawr Ave,15,15,In Service,41.983593,-87.669154,"(41.983593, -87.669154)"
464,Damen Ave & Foster Ave,Damen Ave & Foster Ave,15,15,In Service,41.97561481,-87.67945904,"(41.97561480459, -87.6794590387)"
367,Racine Ave & 35th St,Racine Ave & 35th St,15,15,In Service,41.83069611,-87.65597591,"(41.83069611252, -87.6559759116)"
42,Wabash Ave & Cermak Rd,13 E Cermak Rd,11,11,In Service,41.852619,-87.626488,"(41.852619, -87.626488)"
442,California Ave & 23rd Pl,California Ave & 23rd Pl,11,11,In Service,41.84910969,-87.69513981,"(41.84910969176, -87.6951398068)"
450,Warren Park West,Warren Park West,15,15,In Service,42.001785,-87.688829,"(42.001785, -87.688829)"
458,Broadway & Thorndale Ave,Broadway & Thorndale Ave,19,19,In Service,41.98974251,-87.66014062,"(41.98974251144, -87.6601406209)"
496,Avers Ave & Belmont Ave,Avers Ave & Belmont Ave,11,10,In Service,41.939408,-87.723574,"(41.939408, -87.723574)"
40,LaSalle St & Adams St,LaSalle St & Adams St,15,14,In Service,41.87934437,-87.63198522,"(41.87934437346, -87.6319852213)"
451,Sheridan Rd & Loyola Ave,Sheridan Rd & Loyola Ave,23,22,In Service,42.00104378,-87.66119824,"(42.00104377979, -87.6611982433)"
453,Clark St & Schreiber Ave,Clark St & Schreiber Ave,15,13,In Service,41.99925182,-87.67137734,"(41.99925182186, -87.6713773393)"
457,Clark St & Elmdale Ave,Clark St & Elmdale Ave,19,18,In Service,41.990887,-87.669758,"(41.990887, -87.669758)"
461,Broadway & Ridge Ave,Broadway & Ridge Ave,15,14,In Service,41.98404461,-87.66027383,"(41.9840446107, -87.6602738295)"
497,Kimball Ave & Belmont Ave,Kimball Ave & Belmont Ave,15,15,In Service,41.939398,-87.711561,"(41.939398, -87.711561)"
508,Central Park Ave & North Ave,Central Park Ave & North Ave,15,15,In Service,41.90965688,-87.71663195,"(41.90965687563, -87.7166319516)"
548,Morgan St & Pershing Rd,Morgan St & Pershing Rd,11,10,In Service,41.823613,-87.650931,"(41.823613, -87.650931)"
567,May St & 69th St,May St & 69th St,11,11,In Service,41.768938,-87.652934,"(41.768938, -87.652934)"
515,Paulina St & Howard St,Paulina St & Howard St,19,19,In Service,42.019159,-87.673573,"(42.019159, -87.673573)"
592,Knox Ave & Montrose Ave,Knox Ave & Montrose Ave,11,10,In Service,41.960631,-87.745359,"(41.960631, -87.745359)"
591,Kilbourn Ave & Milwaukee Ave,Kilbourn Ave & Milwaukee Ave,15,14,In Service,41.948818,-87.74002,"(41.948818, -87.74002)"
7,Field Blvd & South Water St,Field Blvd & South Water St,19,18,In Service,41.88634906,-87.61751655,"(41.88634906269, -87.6175165471)"
9,Leavitt St & Archer Ave,NA1,15,15,In Service,41.82879202,-87.68060446,"(41.82879201994, -87.6806044594)"
87,Racine Ave & Fullerton Ave,2411 N Racine Ave,19,19,In Service,41.92556258,-87.65840426,"(41.92556258, -87.65840426)"
58,Marshfield Ave & Cortland St,Marshfield Ave & Cortland St,23,21,In Service,41.916017,-87.668879,"(41.916017, -87.668879)"
172,Rush St & Cedar St,Rush St & Cedar St,11,9,In Service,41.9023087,-87.62769053,"(41.90230870122, -87.627690528)"
293,Broadway & Wilson Ave,Broadway & Wilson Ave,23,22,In Service,41.965221,-87.658139,"(41.965221, -87.658139)"
75,Canal St & Jackson Blvd,Canal St & Jackson Blvd,39,37,In Service,41.877245,-87.639366,"(41.877245, -87.639366)"
156,Clark St & Wellington Ave,Clark St & Wellington Ave,15,15,In Service,41.93649682,-87.64753866,"(41.9364968219, -87.6475386582)"
325,Clark St & Winnemac Ave (Temp),Clark St & Winnemac Ave (Temp),19,16,In Service,41.973255,-87.6697,"(41.973255, -87.6697)"
74,Kingsbury St & Erie St,511 W Erie St,23,23,In Service,41.893626,-87.641527,"(41.893626, -87.641527)"
182,Wells St & Elm St,Wells St & Elm St,23,22,In Service,41.903222,-87.634324,"(41.903222, -87.634324)"
258,Logan Blvd & Elston Ave,Logan Blvd & Elston Ave,27,26,In Service,41.929465,-87.684158,"(41.929465, -87.684158)"
71,Morgan St & Lake St,1003 W. Lake St.,23,22,In Service,41.88548331,-87.65230486,"(41.8854833079, -87.6523048564)"
486,Oakley Ave & Irving Park Rd,Oakley Ave & Irving Park Rd,15,15,In Service,41.95434085,-87.68607962,"(41.95434085219, -87.6860796243)"
341,Adler Planetarium,Off Street,38,38,In Service,41.866095,-87.607267,"(41.866095, -87.607267)"
349,Halsted St & Wrightwood Ave,Halsted St & Wrightwood Ave,15,15,In Service,41.929143,-87.649077,"(41.929143, -87.649077)"
81,Daley Center Plaza,Daley Center Plaza,39,38,In Service,41.884241,-87.629634,"(41.884241, -87.629634)"
21,Aberdeen St & Jackson Blvd,1103 W.Jackson Blvd,23,23,In Service,41.87772613,-87.65478743,"(41.87772613, -87.65478743)"
36,Franklin St & Jackson Blvd,340 S. Franklin St,39,39,In Service,41.87770796,-87.63532114,"(41.8777079559, -87.6353211408)"
48,Larrabee St & Kingsbury St,840 N Larrabee St,43,43,In Service,41.897764,-87.642884,"(41.897764, -87.642884)"
76,Lake Shore Dr & Monroe St,402 E Monroe St,39,37,In Service,41.880958,-87.616743,"(41.880958, -87.616743)"
84,Milwaukee Ave & Grand Ave,500 N Milwaukee Ave.,19,15,In Service,41.891578,-87.648384,"(41.891578, -87.648384)"
128,Damen Ave & Chicago Ave,Damen Ave & Chicago Ave,19,19,In Service,41.895769,-87.67722,"(41.895769, -87.67722)"
13,Wilton Ave & Diversey Pkwy,2790 N.Wilton Ave,35,35,In Service,41.932418,-87.652705,"(41.932418, -87.652705)"
125,Rush St & Hubbard St,Rush St & Hubbard St,23,19,In Service,41.890173,-87.626185,"(41.890173, -87.626185)"
91,Clinton St & Washington Blvd,109 N Clinton St,31,29,In Service,41.88338,-87.64117,"(41.88338, -87.64117)"
96,Desplaines St & Randolph St,Desplaines St & Randolph St,23,22,In Service,41.88461619,-87.64457059,"(41.88461618962, -87.6445705849)"
228,Damen Ave & Melrose Ave,Damen Ave & Melrose Ave,15,14,In Service,41.9406,-87.6785,"(41.9406, -87.6785)"
242,Damen Ave & Leland Ave,Damen Ave & Leland Ave,15,15,In Service,41.967094,-87.679028,"(41.967094, -87.679028)"
250,Ashland Ave & Wellington Ave,Ashland Ave & Wellington Ave,19,19,In Service,41.936083,-87.669807,"(41.936083, -87.669807)"
386,Halsted St & 56th St,Halsted St & 56th St,11,10,In Service,41.79292965,-87.64499006,"(41.79292964599, -87.6449900565)"
384,Halsted St & 51st St,Halsted St & 51st St,10,10,In Service,41.80183164,-87.6452139,"(41.80183164049, -87.645213904)"
310,Damen Ave & Charleston St,Damen Ave & Charleston St,11,10,In Service,41.920082,-87.677855,"(41.920082, -87.677855)"
337,Clark St & Chicago Ave,Clark St & Chicago Ave,19,17,In Service,41.896544,-87.630931,"(41.896544, -87.630931)"
345,Lake Park Ave & 56th St,Lake Park Ave & 56th St,19,16,In Service,41.793242,-87.587782,"(41.793242, -87.587782)"
444,Albany Ave & 26th St,Albany Ave & 26th St,11,11,In Service,41.84447501,-87.70201301,"(41.84447501366, -87.7020130128)"
436,Fairfield Ave & Roosevelt Rd,Fairfield Ave & Roosevelt Rd,11,10,In Service,41.866624,-87.694521,"(41.866624, -87.694521)"
407,State St & Pershing Rd,State St & Pershing Rd,11,11,In Service,41.82301524,-87.62656802,"(41.82301523798, -87.6265680185)"
440,Central Park Ave & 24th St,Central Park Ave & 24th St,11,10,In Service,41.8481,-87.715068,"(41.8481, -87.715068)"
523,Eastlake Ter & Rogers Ave,Eastlake Ter & Rogers Ave,15,15,In Service,42.021019,-87.665086,"(42.021019, -87.665086)"
511,Albany Ave & Bloomingdale Ave,Albany Ave & Bloomingdale Ave,15,15,In Service,41.91402671,-87.70512646,"(41.91402671273, -87.705126462)"
490,Troy St & Elston Ave,Troy St & Elston Ave,15,15,In Service,41.94524357,-87.7066499,"(41.94524356848, -87.7066499009)"
538,Cicero Ave & Flournoy St,Cicero Ave & Flournoy St,11,11,In Service,41.872131,-87.746619,"(41.872131, -87.746619)"
578,Bennett Ave & 79th St,Bennett Ave & 79th St,11,10,In Service,41.751785,-87.578496,"(41.751785, -87.578496)"
188,Greenview Ave & Fullerton Ave,Greenview Ave & Fullerton Ave,15,14,In Service,41.92533,-87.6658,"(41.92533, -87.6658)"
279,Halsted St & 35th St (*),Halsted St & 35th St (*),16,15,In Service,41.830661,-87.647172,"(41.830661, -87.647172)"
230,Lincoln Ave & Roscoe St,Lincoln Ave & Roscoe St,19,19,In Service,41.94334,-87.67097,"(41.94334, -87.67097)"
239,Western Ave & Leland Ave,Western Ave & Leland Ave,19,18,In Service,41.966555,-87.688487,"(41.966555, -87.688487)"
102,Stony Island Ave & 67th St,Stony Island Ave & 67th St,11,11,In Service,41.7734585,-87.58533974,"(41.77345849948, -87.5853397391)"
503,Drake Ave & Fullerton Ave,Drake Ave & Fullerton Ave,15,15,In Service,41.92439882,-87.71544104,"(41.924398819, -87.7154410355)"
506,Spaulding Ave & Armitage Ave,Spaulding Ave & Armitage Ave,15,14,In Service,41.91718375,-87.71035665,"(41.91718375155, -87.7103566522)"
447,Glenwood Ave & Morse Ave,NA5,15,15,In Service,42.00797192,-87.66550239,"(42.00797192287, -87.6655023944)"
107,Desplaines St & Jackson Blvd,Desplaines St & Jackson Blvd,27,27,In Service,41.878287,-87.643909,"(41.878287, -87.643909)"
111,Sedgwick St & Huron St,Sedgwick St & Huron St,27,26,In Service,41.894666,-87.638437,"(41.894666, -87.638437)"
57,Clinton St & Roosevelt Rd,559 W Roosevelt Rd,15,15,In Service,41.86711778,-87.64108796,"(41.8671177825, -87.6410879593)"
66,Clinton St & Lake St,Clinton St & Lake St,23,21,In Service,41.885637,-87.641823,"(41.885637, -87.641823)"
343,Racine Ave & Wrightwood Ave,Racine Ave & Wrightwood Ave,15,15,In Service,41.928887,-87.658971,"(41.928887, -87.658971)"
419,Lake Park Ave & 53rd St,Lake Park Ave & 53rd St,15,14,In Service,41.79949429,-87.5864499,"(41.79949429373, -87.5864498959)"
53,Wells St & Huron St,Wells St & Huron St,27,27,In Service,41.894722,-87.634362,"(41.894722, -87.634362)"
462,Winchester (Ravenswood) Ave & Balmoral Ave,Winchester (Ravenswood) Ave & Balmoral Ave,15,15,In Service,41.979762,-87.67753,"(41.979762, -87.67753)"
425,Harper Ave & 59th St,Harper Ave & 59th St,15,13,In Service,41.78794281,-87.58831517,"(41.78794281287, -87.5883151702)"
284,Michigan Ave & Jackson Blvd,Michigan Ave & Jackson Blvd,23,22,In Service,41.87785,-87.62408,"(41.87785, -87.62408)"
289,Wells St & Concord Ln,Wells St & Concord Ln,19,19,In Service,41.912133,-87.634656,"(41.912133, -87.634656)"
300,Broadway & Barry Ave,Broadway & Barry Ave,19,19,In Service,41.937725,-87.644095,"(41.937725, -87.644095)"
232,Pine Grove Ave & Waveland Ave,Pine Grove Ave & Waveland Ave,23,20,In Service,41.949275,-87.646303,"(41.949275, -87.646303)"
478,Rockwell St & Eastwood Ave,Rockwell St & Eastwood Ave,15,14,In Service,41.96590014,-87.69363849,"(41.96590013976, -87.6936384935)"
50,Clark St & Congress Pkwy,Clark St & Congress Pkwy,35,33,In Service,41.87593267,-87.63058454,"(41.8759326655, -87.6305845355)"
166,Ashland Ave & Wrightwood Ave,Ashland Ave & Wrightwood Ave,15,15,In Service,41.92883,-87.668507,"(41.92883, -87.668507)"
209,Normal Ave & Archer Ave,Normal Ave & Archer Ave,11,10,In Service,41.849527,-87.640591,"(41.849527, -87.640591)"
138,Clybourn Ave & Division St,Clybourn Ave & Division St,15,15,In Service,41.904613,-87.640552,"(41.904613, -87.640552)"
173,Mies van der Rohe Way & Chicago Ave,Mies van der Rohe Way & Chicago Ave,15,15,In Service,41.89691,-87.621743,"(41.89691, -87.621743)"
141,Clark St & Lincoln Ave,Clark St & Lincoln Ave,23,23,In Service,41.915689,-87.6346,"(41.915689, -87.6346)"
16,Paulina Ave & North Ave,1575 N Paulina Ave,15,13,In Service,41.910337,-87.670072,"(41.910337, -87.670072)"
176,Clark St & Elm St,Clark St & Elm St,38,36,In Service,41.902973,-87.63128,"(41.902973, -87.63128)"
179,MLK Jr Dr & Pershing Rd,Off Steet,15,13,In Service,41.8246,-87.61678,"(41.8246, -87.61678)"
251,Clarendon Ave & Leland Ave,Clarendon Ave & Leland Ave,15,14,In Service,41.967968,-87.650001,"(41.967968, -87.650001)"
257,Lincoln Ave & Waveland Ave,Lincoln Ave & Waveland Ave,15,15,In Service,41.948797,-87.675278,"(41.948797, -87.675278)"
267,Lake Park Ave & 47th St,Lake Park Ave & 47th St,15,15,In Service,41.809443,-87.591875,"(41.809443, -87.591875)"
29,Noble St & Milwaukee Ave,1016 N. Noble St,15,15,In Service,41.90068,-87.6626,"(41.90068, -87.6626)"
260,Kedzie Ave & Milwaukee Ave,Kedzie Ave & Milwaukee Ave,35,35,In Service,41.929567,-87.707857,"(41.929567, -87.707857)"
23,Orleans St & Elm St (*),350 W. Elm st,16,16,In Service,41.902924,-87.637715,"(41.902924, -87.637715)"
219,Damen Ave & Cortland St,Damen Ave & Cortland St,15,15,In Service,41.915972,-87.677652,"(41.915972, -87.677652)"
229,Southport Ave & Roscoe St,Southport Ave & Roscoe St,19,18,In Service,41.943739,-87.66402,"(41.943739, -87.66402)"
238,Wolcott (Ravenswood) Ave & Montrose Ave (*),Wolcott (Ravenswood) Ave & Montrose Ave (*),16,15,In Service,41.961305,-87.675951,"(41.961305, -87.675951)"
245,Clarendon Ave & Junior Ter,Clarendon Ave & Junior Ter,23,22,In Service,41.961004,-87.649603,"(41.961004, -87.649603)"
25,Michigan Ave & Pearson St,150 E.Pearson st,23,19,In Service,41.89766,-87.62351,"(41.89766, -87.62351)"
283,LaSalle St & Jackson Blvd,LaSalle St & Jackson Blvd,35,32,In Service,41.878217,-87.631242,"(41.878217, -87.631242)"
276,California Ave & North Ave,California Ave & North Ave,11,11,In Service,41.91044,-87.6972,"(41.91044, -87.6972)"
291,Wells St & Evergreen Ave,Wells St & Evergreen Ave,19,18,In Service,41.906724,-87.63483,"(41.906724, -87.63483)"
353,Clark St & Touhy Ave,Clark St & Touhy Ave,14,14,In Service,42.01256012,-87.67436712,"(42.01256011541, -87.6743671152)"
403,Wentworth Ave & 33rd St,Wentworth Ave & 33rd St,15,14,In Service,41.83452989,-87.63182298,"(41.83452988563, -87.6318229814)"
330,Lincoln Ave & Addison St,Lincoln Ave & Addison St,19,19,In Service,41.946176,-87.673308,"(41.946176, -87.673308)"
422,DuSable Museum,DuSable Museum,15,14,In Service,41.79156801,-87.60785218,"(41.79156801058, -87.6078521774)"
312,Clarendon Ave & Gordon Ter,Clarendon Ave & Gordon Ter,15,14,In Service,41.957879,-87.649519,"(41.957879, -87.649519)"
352,Jeffery Blvd & 67th St,Jeffery Blvd & 67th St,11,11,In Service,41.77351755,-87.57714283,"(41.77351755125, -87.5771428255)"
428,Dorchester Ave & 63rd St,Dorchester Ave & 63rd St,11,9,In Service,41.78040565,-87.59141599,"(41.7804056457, -87.5914159893)"
434,Ogden Ave & Roosevelt Rd,Ogden Ave & Roosevelt Rd,18,17,In Service,41.86650148,-87.68469707,"(41.86650148316, -87.68469707)"
41,Federal St & Polk St,Federal St & Polk St,19,18,In Service,41.87207763,-87.62954377,"(41.87207763285, -87.6295437729)"
43,Michigan Ave & Washington St,120 N Michigan,43,41,In Service,41.88389277,-87.62464914,"(41.8838927658, -87.6246491409)"
44,State St & Randolph St,State St & Randolph St,27,26,In Service,41.8847302,-87.62773357,"(41.8847302006, -87.6277335692)"
597,Chicago Ave & Washington St,Chicago Ave & Washington St,15,15,In Service,42.032562,-87.679101,"(42.032562, -87.679101)"
519,Wolcott Ave & Fargo Ave,Wolcott Ave & Fargo Ave,11,11,In Service,42.016977,-87.677725,"(42.016977, -87.677725)"
69,Damen Ave & Pierce Ave,2002 W Pierce Ave,23,22,In Service,41.90939601,-87.67769193,"(41.9093960065, -87.6776919292)"
510,Spaulding Ave & Division St,Spaulding Ave & Division St,15,15,In Service,41.90270659,-87.70921957,"(41.90270659438, -87.709219571)"
46,Wells St & Walton St,932 N Wells St,19,18,In Service,41.89993001,-87.63443007,"(41.89993001, -87.63443007)"
505,Winchester Ave & Elston Ave,Winchester Ave & Elston Ave,15,13,In Service,41.92409085,-87.67646008,"(41.92409085038, -87.6764600747)"
62,McCormick Place,2253 S Dr Martin Luther King Jr Dr,27,25,In Service,41.85137517,-87.61883465,"(41.8513751729, -87.6188346489)"
77,Clinton St & Madison St,5 N Clinton St,31,29,In Service,41.882242,-87.641066,"(41.882242, -87.641066)"
549,Marshfield Ave & 44th St,Marshfield Ave & 44th St,11,11,In Service,41.813996,-87.666589,"(41.813996, -87.666589)"
145,Mies van der Rohe Way & Chestnut St,Mies van der Rohe Way & Chestnut St,19,18,In Service,41.89858665,-87.62191523,"(41.8985866514, -87.6219152258)"
19,Loomis St & Taylor St (*),Loomis St & Taylor St (*),16,16,In Service,41.868968,-87.659141,"(41.868968, -87.659141)"
140,Dearborn Pkwy & Delaware Pl,Dearborn Pkwy & Delaware Pl,19,15,In Service,41.898969,-87.629912,"(41.898969, -87.629912)"
93,Sheffield Ave & Willow St,1740 N Sheffield Ave,15,13,In Service,41.913688,-87.652855,"(41.913688, -87.652855)"
180,Ritchie Ct & Banks St,Ritchie Ct & Banks St,15,14,In Service,41.906866,-87.626217,"(41.906866, -87.626217)"
252,Greenwood Ave & 47th St,Greenwood Ave & 47th St,15,14,In Service,41.809835,-87.599383,"(41.809835, -87.599383)"
448,Warren Park East,Warren Park East,15,15,In Service,42.00454962,-87.68066615,"(42.00454962194, -87.6806661451)"
277,Ashland Ave & Grand Ave,Off Street,15,15,In Service,41.891072,-87.666611,"(41.891072, -87.666611)"
327,Sheffield Ave & Webster Ave,Sheffield Ave & Webster Ave,19,18,In Service,41.92154,-87.653818,"(41.92154, -87.653818)"
376,Artesian Ave & Hubbard St,Artesian Ave & Hubbard St,35,35,In Service,41.88949182,-87.68821937,"(41.88949181977, -87.6882193648)"
45,Michigan Ave & Congress Pkwy,420 w. Michigan,15,15,In Service,41.876243,-87.624426,"(41.876243, -87.624426)"
487,California Ave & Byron St,California Ave & Byron St,19,19,In Service,41.95216219,-87.69805111,"(41.95216219326, -87.698051113)"
479,Drake Ave & Montrose Ave,Drake Ave & Montrose Ave,15,15,In Service,41.96115408,-87.71656907,"(41.96115407569, -87.7165690733)"
580,Exchange Ave & 79th St,Exchange Ave & 79th St,11,11,In Service,41.751731,-87.552812,"(41.751731, -87.552812)"
475,Washtenaw Ave & Lawrence Ave,Washtenaw Ave & Lawrence Ave,15,15,In Service,41.968987,-87.696027,"(41.968987, -87.696027)"
68,Clinton St & Tilden St,520 W Tilden St,23,21,In Service,41.875885,-87.640795,"(41.875885, -87.640795)"
305,Western Ave & Division St,Western Ave & Division St,23,22,In Service,41.902893,-87.687275,"(41.902893, -87.687275)"
290,Kedzie Ave & Palmer Ct,Kedzie Ave & Palmer Ct,15,15,In Service,41.921525,-87.707322,"(41.921525, -87.707322)"
465,Marine Dr & Ainslie St,Marine Dr & Ainslie St,23,23,In Service,41.9716,-87.650154,"(41.9716, -87.650154)"
484,Monticello Ave & Irving Park Rd,Monticello Ave & Irving Park Rd,15,14,In Service,41.95400484,-87.71912818,"(41.95400483876, -87.7191281797)"
163,Damen Ave & Clybourn Ave,Damen Ave & Clybourn Ave,15,14,In Service,41.931931,-87.677856,"(41.931931, -87.677856)"
211,St. Clair St & Erie St,St. Clair St & Erie St,19,19,In Service,41.894448,-87.622663,"(41.894448, -87.622663)"
157,Lake Shore Dr & Wellington Ave,Lake Shore Dr & Wellington Ave,15,13,In Service,41.936669,-87.636794,"(41.936669, -87.636794)"
98,LaSalle St & Washington St,LaSalle St & Washington St,15,13,In Service,41.882664,-87.63253,"(41.882664, -87.63253)"
144,Larrabee St & Webster Ave,Larrabee St & Webster Ave,19,19,In Service,41.921822,-87.64414,"(41.921822, -87.64414)"
72,Wabash Ave & 16th St,1590 S Wabash Ave,39,39,In Service,41.860384,-87.625813,"(41.860384, -87.625813)"
507,Humboldt Blvd & Armitage Ave,Humboldt Blvd & Armitage Ave,19,19,In Service,41.91751339,-87.70180896,"(41.91751339399, -87.7018089555)"
92,Carpenter St & Huron St,Carpenter St & Huron St,19,17,In Service,41.894556,-87.653449,"(41.894556, -87.653449)"
190,Southport Ave & Wrightwood Ave,Southport Ave & Wrightwood Ave,15,13,In Service,41.928773,-87.663913,"(41.928773, -87.663913)"
90,Millennium Park,33 S Michigan Ave,47,43,In Service,41.8810317,-87.62408432,"(41.8810317, -87.62408432)"
154,Southport Ave & Belmont Ave,Southport Ave & Belmont Ave,15,14,In Service,41.93949,-87.66378,"(41.93949, -87.66378)"
5,State St & Harrison St,620 S. State St.,23,23,In Service,41.874053,-87.627716,"(41.874053, -87.627716)"
596,Benson Ave & Church St,Benson Ave & Church St,15,15,In Service,42.048214,-87.683485,"(42.048214, -87.683485)"
378,California Ave & Lake St,California Ave & Lake St,11,10,In Service,41.88445396,-87.69629814,"(41.88445395657, -87.6962981368)"
153,Southport Ave & Wellington Ave,Southport Ave & Wellington Ave,19,18,In Service,41.935733,-87.663576,"(41.935733, -87.663576)"
302,Sheffield Ave & Wrightwood Ave,Sheffield Ave & Wrightwood Ave,31,31,In Service,41.928712,-87.653833,"(41.928712, -87.653833)"
255,Indiana Ave & Roosevelt Rd,Indiana Ave & Roosevelt Rd,39,38,In Service,41.867888,-87.623041,"(41.867888, -87.623041)"
463,Clark St & Berwyn Ave,Clark St & Berwyn Ave,19,17,In Service,41.97799665,-87.66804711,"(41.9779966544, -87.6680471047)"
52,Michigan Ave & Lake St,203 N Michigan Ave,35,32,In Service,41.886024,-87.624117,"(41.886024, -87.624117)"
159,Claremont Ave & Hirsch St,1451 N Claremont Ave,11,11,In Service,41.907781,-87.685854,"(41.907781, -87.685854)"
216,California Ave & Division St,California Ave & Division St,15,14,In Service,41.903029,-87.697474,"(41.903029, -87.697474)"
240,Sheridan Rd & Irving Park Rd,Sheridan Rd & Irving Park Rd,27,27,In Service,41.954245,-87.654406,"(41.954245, -87.654406)"
303,Broadway & Cornelia Ave,Broadway & Cornelia Ave,23,23,In Service,41.945529,-87.646439,"(41.945529, -87.646439)"
165,Clark St & Grace St,Clark St & Grace St,23,23,In Service,41.95078,-87.659172,"(41.95078, -87.659172)"
264,Stetson Ave & South Water St,Stetson Ave & South Water St,19,17,In Service,41.886835,-87.62232,"(41.886835, -87.62232)"
169,Canal St & Harrison St,Canal St & Harrison St,15,14,In Service,41.874255,-87.639573,"(41.874255, -87.639573)"
259,California Ave & Francis Pl,California Ave & Francis Pl,15,15,In Service,41.918121,-87.696972,"(41.918121, -87.696972)"
524,Austin Blvd & Chicago Ave,Austin Blvd & Chicago Ave,11,11,In Service,41.894887,-87.774704,"(41.894887, -87.774704)"
400,Cottage Grove Ave & 71st St,Cottage Grove Ave & 71st St,11,11,In Service,41.76571904,-87.60495971,"(41.76571903697, -87.604959713)"
489,Drake Ave & Addison St,Central Park Ave & Addison St,15,15,In Service,41.947326,-87.717582,"(41.947326, -87.717582)"
314,Ravenswood Ave & Berteau Ave,Ravenswood Ave & Berteau Ave,15,14,In Service,41.957921,-87.673567,"(41.957921, -87.673567)"
373,Kedzie Ave & Chicago Ave,Kedzie Ave & Chicago Ave,11,10,In Service,41.8954653,-87.70612788,"(41.89546530305, -87.7061278837)"
348,California Ave & 21st St,California Ave & 21st St,15,14,In Service,41.854016,-87.695445,"(41.854016, -87.695445)"
501,Richmond St & Diversey Ave,Richmond St & Diversey Ave,15,14,In Service,41.93190197,-87.70119513,"(41.93190196886, -87.7011951301)"
33,State St & Van Buren St,360 S State St,27,27,In Service,41.877181,-87.627844,"(41.877181, -87.627844)"
51,Clark St & Randolph St,120 W. Randolph St.,39,39,In Service,41.88457623,-87.63188991,"(41.884576228, -87.63188991)"
603,Chicago Ave & Sheridan Rd,Chicago Ave & Sheridan Rd,15,15,In Service,42.050491,-87.677821,"(42.050491, -87.677821)"
244,Ravenswood Ave & Irving Park Rd,Ravenswood Ave & Irving Park Rd,19,19,In Service,41.95469,-87.67393,"(41.95469, -87.67393)"
236,Sedgwick St & Schiller St,Sedgwick St & Schiller St,15,14,In Service,41.907626,-87.638566,"(41.907626, -87.638566)"
254,Pine Grove Ave & Irving Park Rd,Pine Grove Ave & Irving Park Rd,15,14,In Service,41.954383,-87.648043,"(41.954383, -87.648043)"
268,Lake Shore Dr & North Blvd,Lake Shore Dr & North Blvd,39,34,In Service,41.911722,-87.626804,"(41.911722, -87.626804)"
168,Michigan Ave & 14th St,Michigan Ave & 14th St,19,19,In Service,41.864059,-87.623727,"(41.864059, -87.623727)"
213,Leavitt St & North Ave,Leavitt St & North Ave,15,15,In Service,41.910153,-87.68229,"(41.910153, -87.68229)"
26,McClurg Ct & Illinois St,McClurg Ct & Illinois St,31,31,In Service,41.890359,-87.617532,"(41.890359, -87.617532)"
199,Wabash Ave & Grand Ave,Wabash Ave & Grand Ave,31,30,In Service,41.891466,-87.626761,"(41.891466, -87.626761)"
468,Budlong Woods Library,Budlong Woods Library,11,11,In Service,41.98366471,-87.69642256,"(41.98366470886, -87.6964225611)"
177,Theater on the Lake,Theater on the Lake,31,30,In Service,41.926277,-87.630834,"(41.926277, -87.630834)"
326,Clark St & Leland Ave,Clark St & Leland Ave,19,19,In Service,41.967096,-87.667429,"(41.967096, -87.667429)"
67,Sheffield Ave & Fullerton Ave,2410 N Sheffield Ave,27,27,In Service,41.92560188,-87.65370804,"(41.9256018819, -87.6537080423)"
604,Sheridan Rd & Noyes St (NU),Sheridan Rd & Noyes St (NU),15,14,In Service,42.058239,-87.677432,"(42.058239, -87.677432)"
34,Cannon Dr & Fullerton Ave,2432 N. Cannon Dr.,15,13,In Service,41.92675599,-87.63442879,"(41.9267559875, -87.6344287848)"
294,Broadway & Berwyn Ave,Broadway & Berwyn Ave,15,15,In Service,41.978353,-87.659753,"(41.978353, -87.659753)"
54,Ogden Ave & Chicago Ave,1040 W. Chicago Ave.,19,19,In Service,41.89636246,-87.65406127,"(41.896362458, -87.6540612729)"
80,Aberdeen St & Monroe St,Aberdeen St & Monroe St,19,16,In Service,41.880419,-87.655519,"(41.880419, -87.655519)"
322,Kimbark Ave & 53rd St,Kimbark Ave & 53rd St,19,19,In Service,41.799568,-87.594747,"(41.799568, -87.594747)"
123,California Ave & Milwaukee Ave,California Ave & Milwaukee Ave,15,15,In Service,41.922695,-87.697153,"(41.922695, -87.697153)"
313,Lakeview Ave & Fullerton Pkwy,Lakeview Ave & Fullerton Pkwy,19,18,In Service,41.925858,-87.638973,"(41.925858, -87.638973)"
196,Cityfront Plaza Dr & Pioneer Ct,Cityfront Plaza Dr & Pioneer Ct,23,22,In Service,41.890573,-87.622072,"(41.890573, -87.622072)"
249,Montrose Harbor,Montrose Harbor,31,31,In Service,41.963982,-87.638181,"(41.963982, -87.638181)"
287,Franklin St & Monroe St,Franklin St & Monroe St,27,27,In Service,41.880317,-87.635185,"(41.880317, -87.635185)"
161,Rush St & Superior St,Rush St & Superior St,23,23,In Service,41.89576475,-87.62590803,"(41.89576474564, -87.6259080327)"
195,Columbus Dr & Randolph St,Columbus Dr & Randolph St,55,51,In Service,41.884728,-87.619521,"(41.884728, -87.619521)"
298,Lincoln Ave & Belle Plaine Ave,Lincoln Ave & Belle Plaine Ave,15,13,In Service,41.955927,-87.679259,"(41.955927, -87.679259)"
304,Broadway & Waveland Ave,Broadway & Waveland Ave,15,15,In Service,41.949074,-87.648636,"(41.949074, -87.648636)"
220,Clark St & Drummond Pl,Clark St & Drummond Pl,23,22,In Service,41.931248,-87.644336,"(41.931248, -87.644336)"
24,Fairbanks Ct & Grand Ave,240 E.Grand Ave.,15,14,In Service,41.89186,-87.62062,"(41.89186, -87.62062)"
296,Broadway & Belmont Ave,Broadway & Belmont Ave,19,18,In Service,41.940106,-87.645451,"(41.940106, -87.645451)"
275,Ashland Ave & 13th St,Ashland Ave & 13th St,15,15,In Service,41.865234,-87.666507,"(41.865234, -87.666507)"
408,Union Ave & Root St,Union Ave & Root St,11,11,In Service,41.819102,-87.643278,"(41.819102, -87.643278)"
394,Clark St & 9th St (AMLI),Clark St & 9th St (AMLI),15,14,In Service,41.870816,-87.631246,"(41.870816, -87.631246)"
347,Ashland Ave & Grace St,Ashland Ave & Grace St,15,15,In Service,41.950687,-87.6687,"(41.950687, -87.6687)"
86,Eckhart Park,811 N Noble St,19,19,In Service,41.89637337,-87.66098386,"(41.89637337, -87.66098386)"
329,Lake Shore Dr & Diversey Pkwy,Lake Shore Dr & Diversey Pkwy,23,22,In Service,41.932588,-87.636427,"(41.932588, -87.636427)"
364,Larrabee St & Oak St,Larrabee St & Oak St,19,19,In Service,41.90021949,-87.64298547,"(41.90021949323, -87.6429854676)"
338,Calumet Ave & 18th St,Calumet Ave & 18th St,15,15,In Service,41.857611,-87.619407,"(41.857611, -87.619407)"
35,Streeter Dr & Grand Ave,Navy Pier,47,44,In Service,41.892278,-87.612043,"(41.892278, -87.612043)"
4,Burnham Harbor,Burnham Harbor,23,23,In Service,41.856268,-87.613348,"(41.856268, -87.613348)"
359,Larrabee St & Division St,Larrabee St & Division St,23,22,In Service,41.90348607,-87.64335349,"(41.90348607004, -87.6433534936)"
47,State St & Kinzie St,5 E Kinzie St,31,30,In Service,41.889187,-87.627754,"(41.889187, -87.627754)"
474,Christiana Ave & Lawrence Ave,Christiana Ave & Lawrence Ave,15,14,In Service,41.96835449,-87.71183067,"(41.96835449363, -87.7118306675)"
49,Dearborn St & Monroe St,80 S Dearborn St,39,37,In Service,41.88131982,-87.62952092,"(41.881319815, -87.6295209193)"
56,Desplaines St & Kinzie St,368 N. Desplaines St.,27,25,In Service,41.88871604,-87.64444785,"(41.888716036, -87.6444478533)"
